Full Name,Email,Phone Number,Date of Birth,Gender
Nguyễn Văn An,nguyenvanan@example.com,0912345678,2000-01-01,Male
Trần Thị Mai,tranthimai@example.com,0923456789,1995-05-15,Female
Lê Minh Hoàng,leminhhoang@example.com,0934567890,1998-07-22,Male
Phạm Thùy Dung,phamthuydung@example.com,0945678901,1992-09-10,Female
Hoàng Đức Trung,hoangductrung@example.com,0956789012,1996-11-30,Male
Đặng Thị Hồng,dangthihong@example.com,0967890123,1993-03-25,Female
Vũ Quang Huy,vuquanghuy@example.com,0978901234,1997-06-18,Male
Bùi Ngọc Lan,buingoclan@example.com,0989012345,1991-12-05,Female
Đỗ Thanh Tùng,dothanhtung@example.com,0990123456,1999-04-20,Male
Ngô Thị Thu,ngothithu@example.com,0901234567,1994-08-15,Female
Trịnh Công Sơn,trinhcongson@example.com,0912345670,1989-12-25,Male
Dương Thảo Vy,duongthaovy@example.com,0923456701,2002-03-10,Female
Hà Gia Khánh,hagiakhanh@example.com,0934567012,2001-05-05,Male
Tạ Bích Phương,tabichphuong@example.com,0945670123,1996-07-07,Female
Cao Minh Tuấn,caominhtuan@example.com,0956780234,1990-09-09,Male
Lý Mỹ Linh,lymylinh@example.com,0967890345,1993-11-11,Female
Trương Đình Nam,truongdinhnam@example.com,0978900456,1995-01-01,Male
Châu Bảo Ngọc,chaubaongoc@example.com,0989010567,1997-02-14,Female
Tống Văn Hiếu,tongvanhieu@example.com,0990120678,2000-06-20,Male
Khúc Nguyệt Anh,khucnguyetanh@example.com,0901230789,1992-10-10,Female